[
  {
    "id": 1,
    "arabic": "إِنَّمَا الأَعْمَالُ بِالنِّيَّاتِ",
    "translation": "Поистине, деяния оцениваются по намерениям.",
    "source": "Бухари, 1"
  },
  {
    "id": 2,
    "arabic": "الدِّينُ يُسْرٌ",
    "translation": "Воистину, религия — лёгка.",
    "source": "Бухари, 39"
  },
  {
    "id": 3,
    "arabic": "لاَ ضَرَرَ وَلاَ ضِرَارَ",
    "translation": "Нет ни вреда, ни ответного вреда.",
    "source": "Ибн Маджа, 2341"
  },
  {
    "id": 4,
    "arabic": "مَنْ صَمَتَ نَجَا",
    "translation": "Кто молчит — тот спасён.",
    "source": "Тирмизи, 2501"
  },
  {
    "id": 5,
    "arabic": "الْمُسْلِمُ مَنْ سَلِمَ الْمُسْلِمُونَ مِنْ لِسَانِهِ وَيَدِهِ",
    "translation": "Мусульманин — тот, от языка и руки которого в безопасности другие мусульмане.",
    "source": "Бухари, 10"
  },
  {
    "id": 6,
    "arabic": "إِنَّ اللهَ جَمِيلٌ يُحِبُّ الْجَمَالَ",
    "translation": "Воистину, Аллах — прекрасен и любит красоту.",
    "source": "Муслим, 91"
  },
  {
    "id": 7,
    "arabic": "الْحَيَاءُ شُعْبَةٌ مِنْ الإِيمَانِ",
    "translation": "Скромность — одна из ветвей веры.",
    "source": "Бухари, 9"
  },
  {
    "id": 8,
    "arabic": "الدُّعَاءُ هُوَ الْعِبَادَةُ",
    "translation": "Мольба — это и есть поклонение.",
    "source": "Тирмизи, 2969"
  },
  {
    "id": 9,
    "arabic": "مَنْ لَا يَرْحَمْ لَا يُرْحَمْ",
    "translation": "Кто не проявляет милость — тому не будет проявлена милость.",
    "source": "Бухари, 5997"
  },
  
